Sucursal La Paz
Av. 16 de Julio No. 1440, Zona Central.
Teléfonos: 2317211 - 2369955
ATM: Av. 16 de julio No. 1440, Zona Central
Agencia Arce
Av. Arce No. 2799 esq. calle Cordero, Zona San Jorge
Teléfonos: 2434142
ATM: Avenida Arce N°2799, esquina Calle Cordero, Zona San Jorge
Agencia Tumusla
Av. Tumusla No. 765, entre Av. Buenos Aires y Plaza Garita de Lima, Zona 14 de Septiembre.
Teléfonos: 2117372
ATM: Av. Tumusla N°765 entre Av. La Buenos Aires y Plaza Garita de Lima, zona 14 de Septiembre.
Agencia Villa Fátima
Av. Las Américas No. 353, Zona Villa Fatima.
Teléfonos: 2215120
ATM: Av. Las Américas N°353, zona Villa Fátima.
Agencia San Miguel
Av. Mariscal Montenegro No. 1246.
Teléfonos: 2119204 – 2119180
ATM: Av. Mariscal Montenegro No. 1246
Agencia Achumani
Avenida Garcia Lanza No. 15 entre calles 11 y 12 achumani, zona sur.
Teléfonos: 2794070
ATM: Av. García Lanza No.15 entre calles 11 y 12, Achumani
Agencia Entre Ríos
Calle Picada Chaco No.828, Zona El Tejar.
Teléfonos: 2386117-2380076
ATM: Calle Picada Chaco No.828
ATM
Edificio Señor de Mayo
ATM: Avenida 16 de Julio No.591, Edificio Señor de Mayo, zona central
Sucursal El Alto
Calle Jorge Carrasco No.79 entre calles 4 y 5, Zona 12 de Octubre.
Teléfonos: 2821474 - 2821306
ATM: Calle Jorge Carrasco No.79 entre calles 4 y 5, zona 12 de Octubre
Agencia 16 de Julio
Av.Alfonzo Ugarte No. 50, Lote 12, Manzano 17, Zona 16 de Julio
Teléfonos: 2847448
ATM: Avenida Alfonso Ugarte No. 50, Lote 12, Manzano 17, Zona 16 de julio
Agencia Río Seco
Av. Juan Pablo II No. 3030, Lote No. 1C Manzana s/n, Zona Rio Seco.
Teléfonos: 2861937
Agencia Cruce Villa Adela
Av. Ladislao Cabrera No.15, Zona Villa Bolivar Municipal (cruce Villa Adela)
Teléfonos: 2852332
Agencia Villa Dolores
Av. Antofagasta No. 558 esq. calle 6, Zona Villa Dolores
Teléfonos: 2918789
ATM
Aeropuerto El Alto
Av. Héroes Km 7 s/n, Aeropuerto Internacional El Alto
Oficina Externa Puerto Carabuco
Plaza Principal 3 de Mayo del Puerto Mayor de Carabuco
(tercera sección municipal de la provincia Camacho).
* Atención de lunes a viernes de 8:00 a 14:00 hrs.
Oficina Externa Huatajata
Carretera La Paz - Copacabana, Municipio de Huatajata s/n
Provincia Omasuyos, Departamento La Paz,
Gobierno Autónomo Municipal de Huatajata.
* Atención de lunes a viernes de 8:00 a 14:00 hrs.
Sucursal Oruro
Calle La Plata s/n esq. Calle Sucre.
Teléfonos: 5250927
ATM: Calle Sucre s/n entre Calle La Plata y Presidente Montes, zona Central.
Agencia Av. del Ejército
Av. del Ejercito No. 600, esquina Av. Tacna, zona Este.
Teléfonos: 5283580
ATM: Av. Ejercito Nacional No.600 esq. Tacna, Zona Este.
Agencia Mercado Bolívar
Calle Bolivar No. 282, entre Brasil y Rayca Bacovick, Zona Este
Teléfonos: 5281641
ATM: Calle Bolívar No. 282, entre Brasil y R. Bacovick, Zona Este
Oficina Externa Escara
Calle Sucre esq. Bolivar frente a Plaza 16 de Septiembre del municipio de Escara, Oruro
Lunes a Viernes: 08:30 a 15:30
Sucursal Cochabamba
Av. Ballivian No.739, entre las calles Teniente Arévalo y La Paz, Edificio "Prado Business Center"
Teléfonos: 4506060 - 4583041
Agencia 14 de septiembre
Plaza 14 de Septiembre No.205, esquina calle Baptista, zona Central
ATM: Plaza 14 de Septiembre No.205 esq.  Calle Baptista
Agencia América
A. América No.0969 entre Melchor Urquidi y Miguel Aguirre, zona Norte.
Teléfonos: 4254689
ATM: A. América No.0969 entre Melchor Urquidi y Miguel Aguirre, zona Norte.
Agencia La Cancha
Calle Esteban Arze N°1384 Mall Cochabamba, Zona La Cancha
Teléfonos: 4557022 - 4557023
ATM: Calle Esteban Arze No.1384 Mall Cochabamba, zona La Cancha
Agencia Quillacollo
Calle Cochabamba s/n, entre Héroes del Chaco y Ballivián, Zona Central Quillacollo
Teléfonos: 4391197 - 4391198
ATM: Calle Cochabamba s/n entre Heroes del Chaco y 6 de Agosto
Agencia Sacaba
Calle Bolivar s/n esq. calle Colon, Zona Central
Teléfonos: 4703590 - 4703812
ATM: Calle Bolívar s/n esq. Calle Colón.
Agencia Norte
Av. América N° 475 entre Jorge Washington y Napolio Irigoyen, Zona Cala Cala
Teléfonos: 4506060
ATM: Av. America N° 475 entre Washington y N. Irigoyen Zona Cala Cala.
Oficina Externa Tacachi
Av. Fructuoso Orellana s/n, zona Central de Tacachi,
Provincia Punata, Departamento de Cochabamba,
Gobierno Autónomo Municipal de Tacachi
* Atención de lunes a viernes de 8:00 a 14:00 hrs.
Oficina Externa Bolivar
Plaza 6 de Agosto s/n del municipio de Bolivar, provincia Bolivar, departamento de Cochabamba, Gobierno Autónomo Municipal de Bolivar.
* Atención de lunes a viernes de 8:00 a 14:00 hrs.
ATM
Cala Cala
Calle Juan Huallparimachi s/n, zona Cala Cala
 
ATM
Hotel Cochabamba
Calle Beni N° 415 y Plazuela Ubaldo Anze
 
ATM
El Prado Cochabamba II
Av. Ballivian No.745 entre calles Teniente Arévalo y La Paz (acera oeste), Edif. Fortaleza II
Sucursal Sucre
Calle San Alberto No. 108, Zona Central.
Teléfonos: 6427880 - 6440680
ATM: Calle San Alberto No. 108.
Agencia Mercado Campesino
Calle Guillermo Loayza No. 586 esquina J. Prudencio Bustillos, Zona Mercado Campesino
Teléfonos: 6912435 - 6435629
ATM: Calle Guillermo Loayza No. 586 esquina J. Prudencio Bustillos, Zona Mercado Campesino.
Sucursal Santa Cruz
Calle Gabriel René Moreno No. 140.
Teléfonos: 3322929 - 3334307
ATM: Calle Gabriel René Moreno No. 140.
Agencia Vírgen de Cotoca
Av. Virgen de Cotoca No. 2090, Zona Lazareto
Teléfonos: 3492030
ATM: Avenida Virgen de Cotoca No. 2090, zona Lazareto.
Agencia Monseñor Rivero
Av. Monseñor Rivero No. 328, entre primer y segundo anillo, zona norte
Teléfonos: 33321684
ATM: Avenida Monseñor Rivero Nº 328, entre 1er. y 2do anillo.
Agencia Mercado Abasto
Av. Roque Aguilera No.3110, 3er. anillo interno casi esquina Av. Piraí, zona Oeste (Antiguo Mercado Abasto)
Teléfonos: 3598951 - 3520584
ATM: Av. Roque Aguilera No.3110, 3er. anillo interno casi esquina Av. Piraí, zona Oeste (Antiguo Mercado Abasto)
Agencia Plan 3000
Av. Paurito No. 5520 6to Anillo diagonal al surtidor Gas y Gas, ciudadela Andres Ibañez.
Teléfonos: 3486158
ATM: Av. Paurito No.5520 y 6to. Anillo (diagonal al surtidor Gas y Gas).
Agencia La Ramada
Avenida Isabel La Catolica No.349, zona La Ramada, UV 10 Manzano 23 entre primer y segundo anillo.
Teléfonos: 3587789 - 3557375
ATM: Av. Isabel La Católica No. 349, zona La Ramada, U.V.10, Manzano 23 entre primer y segundo anillo.
Agencia Mutualista
Av. Japón No. 3577, 3er anillo externo esquina Calle Combate Bahía, zona Noreste (Mercado Mutualista)
Teléfonos: 3469963
ATM: Av. Japón No. 3577, 3er anillo externo esquina Calle Combate Bahía, zona Noreste (Mercado Mutualista)
Agencia Montero
Calle Warnes No. 122, Manzano 27, UV 5, a media cuadra de la Plaza Principal de Montero.
Teléfonos: 9227429 - 9227411

ATM: Calle Warnes No.122 Manzana 27, UV 5, a media cuadra de la Plaza Principal
Agencia Villa Primero de Mayo
Av. Cumavi No. 4950, entre 5to. y 6to. anillo, zona Villa 1ro. de Mayo.
Teléfono: 3322929
ATM: Av. Cumavi No. 4950, entre 5to. y 6to. anillo, zona Villa 1ro. de Mayo.
ATM
Aeropuerto Viru Viru
Av. G77, carretera a Warnes entre kilometros 7 al 17, provincia Ignacio Warnes
ATM
GENEX
3er. Anillo Av. Banzer esq. Av. Japon (surtidor Genex)
Sucursal Tarija
Calle La Madrid No. 330 frente a Plaza Luis de Fuentes, Zona Central.
Teléfonos: 6643566 - 6643567
ATM: Calle La Madrid N°0330 frente a la Plaza Luis de Fuentes.
Agencia Mercado Campesino
Av. Froilán Tejerina No. 1670 entre Av. Panamericana y México, Zona Mercado Campesino.
Teléfonos: 6675571 - 6668917
ATM: Avenida Froilan Tejerina No. 1670, entre avenida Panamericana y Mexico, zona Mercado Campesino.
Agencia Bermejo
Av. Barrientos Ortuño No. 635 entre calles Cochabamba y Alfredo Ameller, Zona Centra
Teléfonos: 6963550 -  6963561
ATM: Av. Barrientos Ortuño No.635 entre calles Cochabamba y Alfredo Ameller, Zona Central
Sucursal Potosí
Plaza 6 de Agosto No. 11 entre la calle Junín y Padilla, frente al Obelisco.
Teléfonos: 6222747
ATM: Plaza 6 de Agosto N° 11, frente al Obelisco
Agencia Villazón
Calle La Paz Nº 198 entre Av. Antofagasta e Independencia
Teléfonos:25965443
ATM: Calle La Paz  N° 198 entre calle 20 de Mayo e Independencia

